<?xml version="1.0" encoding="UTF-8" standalone="yes"?>
<addon id="service.smartskip"
       version="1.0.0"
       name="SmartSkip"
       provider-name="mildman1848">

    <!-- Benötigte Abhängigkeiten -->
    <requires>
        <import addon="xbmc.python" version="3.0.0"/>
    </requires>

    <!-- Definition des Service-Startpunkts -->
    <extension point="xbmc.service" library="service.py" start="startup"/>

    <!-- Addon-Metadaten für Anzeige in Kodi -->
    <extension point="xbmc.addon.metadata">
        <!-- Kurze Beschreibung (Zusammenfassung) -->
        <summary lang="en_GB">Automatically skip intros, recaps and credits using EDLs</summary>
        <summary lang="de_DE">Intros, Rückblicke und Abspänne automatisch überspringen per EDL</summary>

        <!-- Ausführlichere Beschreibung -->
        <description lang="en_GB">SmartSkip uses heuristics and the intro-skipper engine to detect and skip intro, recap, and credits segments during playback or via manual processing.</description>
        <description lang="de_DE">SmartSkip verwendet Heuristiken und die Intro-Skipper-Engine, um Intro-, Rückblick- und Abspann-Segmente während der Wiedergabe oder durch manuelle Verarbeitung zu erkennen und zu überspringen.</description>

        <!-- Plattformkompatibilität -->
        <platform>all</platform>

        <!-- Lizenztyp -->
        <license>GPL-3.0-only</license>

        <!-- Addon-Sprache (optional, leer lassen für universell) -->
        <language/>
    </extension>
</addon>
